<?xml version="1.0"?>
<Profile xmlns:xsi="http://www.w3.org/2001/XMLSchema-instance" xmlns:xsd="http://www.w3.org/2001/XMLSchema" Active="true" Name="Assetto Corsa -ALL CARS" TelemetryProvider="ac" OverallSmoothnessEnabled="true" OverallSmoothness="0.37" overallIntensity="1" acceleration="50" minSpeed="64804" maxSpeed="65204">
  <author>saxxon66</author>
  <version>v1.0</version>
  <info>Baseline profile for Assetto Corsa.
Right click on the profile name (left) and copy.
Activate your copy and get started!
</info>
  <bannerImage>img\banner_ac.png</bannerImage>
  <FeedbackEffectList>
    <FeedbackEffect Type="SimFeedback.motion.HeaveMotionFeedbackEffect">
      <linearInterpolation>true</linearInterpolation>
      <name>Heave</name>
      <telemetryName>Heave</telemetryName>
      <minValueY1>-25</minValueY1>
      <maxValueY1>25</maxValueY1>
      <intervalValueY1>5</intervalValueY1>
      <minValueX>-2</minValueX>
      <maxValueX>2</maxValueX>
      <intervalValueX>0.5</intervalValueX>
      <enabled>true</enabled>
      <mute>false</mute>
      <smoothing>0</smoothing>
      <controller-id>1</controller-id>
      <intensity>1</intensity>
      <ConfigDataSet>
        <xs:schema id="DataSet" xmlns="" xmlns:xs="http://www.w3.org/2001/XMLSchema" xmlns:msdata="urn:schemas-microsoft-com:xml-msdata">
          <xs:element name="DataSet" msdata:IsDataSet="true" msdata:Locale="de-DE">
            <xs:complexType>
              <xs:choice minOccurs="0" maxOccurs="unbounded">
                <xs:element name="Volume" msdata:Locale="de-DE">
                  <xs:complexType>
                    <xs:sequence>
                      <xs:element name="X" type="xs:double" minOccurs="0" />
                      <xs:element name="Y" type="xs:double" minOccurs="0" />
                    </xs:sequence>
                  </xs:complexType>
                </xs:element>
                <xs:element name="Frequency" msdata:Locale="de-DE">
                  <xs:complexType>
                    <xs:sequence>
                      <xs:element name="X" type="xs:double" minOccurs="0" />
                      <xs:element name="Y" type="xs:double" minOccurs="0" />
                    </xs:sequence>
                  </xs:complexType>
                </xs:element>
                <xs:element name="Realtime" msdata:Locale="de-DE">
                  <xs:complexType>
                    <xs:sequence>
                      <xs:element name="X" type="xs:double" minOccurs="0" />
                      <xs:element name="Y" type="xs:double" minOccurs="0" />
                    </xs:sequence>
                  </xs:complexType>
                </xs:element>
              </xs:choice>
            </xs:complexType>
          </xs:element>
        </xs:schema>
        <diffgr:diffgram xmlns:msdata="urn:schemas-microsoft-com:xml-msdata" xmlns:diffgr="urn:schemas-microsoft-com:xml-diffgram-v1">
          <DataSet>
            <Volume diffgr:id="Volume1" msdata:rowOrder="0">
              <X>-2</X>
              <Y>0</Y>
            </Volume>
            <Volume diffgr:id="Volume2" msdata:rowOrder="1">
              <X>2</X>
              <Y>0</Y>
            </Volume>
            <Frequency diffgr:id="Frequency1" msdata:rowOrder="0">
              <X>-2</X>
              <Y>-10.099596748917383</Y>
            </Frequency>
            <Frequency diffgr:id="Frequency2" msdata:rowOrder="1">
              <X>2</X>
              <Y>10.14925025676358</Y>
            </Frequency>
          </DataSet>
        </diffgr:diffgram>
      </ConfigDataSet>
    </FeedbackEffect>
    <FeedbackEffect Type="SimFeedback.motion.PitchMotionFeedbackEffect">
      <linearInterpolation>true</linearInterpolation>
      <name>Surge</name>
      <telemetryName>Surge</telemetryName>
      <minValueY1>-50</minValueY1>
      <maxValueY1>50</maxValueY1>
      <intervalValueY1>10</intervalValueY1>
      <minValueX>-3</minValueX>
      <maxValueX>3</maxValueX>
      <intervalValueX>0.5</intervalValueX>
      <enabled>true</enabled>
      <mute>false</mute>
      <smoothing>4</smoothing>
      <controller-id>1</controller-id>
      <intensity>1</intensity>
      <ConfigDataSet>
        <xs:schema id="DataSet" xmlns="" xmlns:xs="http://www.w3.org/2001/XMLSchema" xmlns:msdata="urn:schemas-microsoft-com:xml-msdata">
          <xs:element name="DataSet" msdata:IsDataSet="true" msdata:Locale="de-DE">
            <xs:complexType>
              <xs:choice minOccurs="0" maxOccurs="unbounded">
                <xs:element name="Volume" msdata:Locale="de-DE">
                  <xs:complexType>
                    <xs:sequence>
                      <xs:element name="X" type="xs:double" minOccurs="0" />
                      <xs:element name="Y" type="xs:double" minOccurs="0" />
                    </xs:sequence>
                  </xs:complexType>
                </xs:element>
                <xs:element name="Frequency" msdata:Locale="de-DE">
                  <xs:complexType>
                    <xs:sequence>
                      <xs:element name="X" type="xs:double" minOccurs="0" />
                      <xs:element name="Y" type="xs:double" minOccurs="0" />
                    </xs:sequence>
                  </xs:complexType>
                </xs:element>
                <xs:element name="Realtime" msdata:Locale="de-DE">
                  <xs:complexType>
                    <xs:sequence>
                      <xs:element name="X" type="xs:double" minOccurs="0" />
                      <xs:element name="Y" type="xs:double" minOccurs="0" />
                    </xs:sequence>
                  </xs:complexType>
                </xs:element>
              </xs:choice>
            </xs:complexType>
          </xs:element>
        </xs:schema>
        <diffgr:diffgram xmlns:msdata="urn:schemas-microsoft-com:xml-msdata" xmlns:diffgr="urn:schemas-microsoft-com:xml-diffgram-v1">
          <DataSet>
            <Volume diffgr:id="Volume1" msdata:rowOrder="0">
              <X>-1.988</X>
              <Y>0</Y>
            </Volume>
            <Volume diffgr:id="Volume2" msdata:rowOrder="1">
              <X>-0.007</X>
              <Y>0</Y>
            </Volume>
            <Volume diffgr:id="Volume3" msdata:rowOrder="2">
              <X>3</X>
              <Y>0</Y>
            </Volume>
            <Frequency diffgr:id="Frequency1" msdata:rowOrder="0">
              <X>-1.988</X>
              <Y>20.298500513527159</Y>
            </Frequency>
            <Frequency diffgr:id="Frequency2" msdata:rowOrder="1">
              <X>-0.007</X>
              <Y>0.0666068154180266</Y>
            </Frequency>
            <Frequency diffgr:id="Frequency3" msdata:rowOrder="2">
              <X>3</X>
              <Y>-5.278990441017207</Y>
            </Frequency>
          </DataSet>
        </diffgr:diffgram>
      </ConfigDataSet>
    </FeedbackEffect>
    <FeedbackEffect Type="SimFeedback.motion.RollMotionFeedbackEffect">
      <linearInterpolation>true</linearInterpolation>
      <name>Sway</name>
      <telemetryName>Sway</telemetryName>
      <minValueY1>-100</minValueY1>
      <maxValueY1>100</maxValueY1>
      <intervalValueY1>25</intervalValueY1>
      <minValueX>-10</minValueX>
      <maxValueX>10</maxValueX>
      <intervalValueX>2.5</intervalValueX>
      <enabled>false</enabled>
      <mute>false</mute>
      <smoothing>4</smoothing>
      <controller-id>1</controller-id>
      <intensity>1</intensity>
      <ConfigDataSet>
        <xs:schema id="DataSet" xmlns="" xmlns:xs="http://www.w3.org/2001/XMLSchema" xmlns:msdata="urn:schemas-microsoft-com:xml-msdata">
          <xs:element name="DataSet" msdata:IsDataSet="true" msdata:Locale="de-DE">
            <xs:complexType>
              <xs:choice minOccurs="0" maxOccurs="unbounded">
                <xs:element name="Volume" msdata:Locale="de-DE">
                  <xs:complexType>
                    <xs:sequence>
                      <xs:element name="X" type="xs:double" minOccurs="0" />
                      <xs:element name="Y" type="xs:double" minOccurs="0" />
                    </xs:sequence>
                  </xs:complexType>
                </xs:element>
                <xs:element name="Frequency" msdata:Locale="de-DE">
                  <xs:complexType>
                    <xs:sequence>
                      <xs:element name="X" type="xs:double" minOccurs="0" />
                      <xs:element name="Y" type="xs:double" minOccurs="0" />
                    </xs:sequence>
                  </xs:complexType>
                </xs:element>
                <xs:element name="Realtime" msdata:Locale="de-DE">
                  <xs:complexType>
                    <xs:sequence>
                      <xs:element name="X" type="xs:double" minOccurs="0" />
                      <xs:element name="Y" type="xs:double" minOccurs="0" />
                    </xs:sequence>
                  </xs:complexType>
                </xs:element>
              </xs:choice>
            </xs:complexType>
          </xs:element>
        </xs:schema>
        <diffgr:diffgram xmlns:msdata="urn:schemas-microsoft-com:xml-msdata" xmlns:diffgr="urn:schemas-microsoft-com:xml-diffgram-v1">
          <DataSet>
            <Volume diffgr:id="Volume1" msdata:rowOrder="0">
              <X>-10</X>
              <Y>0</Y>
            </Volume>
            <Volume diffgr:id="Volume2" msdata:rowOrder="1">
              <X>0.026</X>
              <Y>0</Y>
            </Volume>
            <Volume diffgr:id="Volume3" msdata:rowOrder="2">
              <X>10</X>
              <Y>0</Y>
            </Volume>
            <Frequency diffgr:id="Frequency1" msdata:rowOrder="0">
              <X>-10</X>
              <Y>-45.452378553321779</Y>
            </Frequency>
            <Frequency diffgr:id="Frequency2" msdata:rowOrder="1">
              <X>0.026</X>
              <Y>-0.39792560259367349</Y>
            </Frequency>
            <Frequency diffgr:id="Frequency3" msdata:rowOrder="2">
              <X>10</X>
              <Y>42.550993159575171</Y>
            </Frequency>
            <Realtime diffgr:id="Realtime1" msdata:rowOrder="0">
              <X>-10</X>
              <Y>-100</Y>
            </Realtime>
            <Realtime diffgr:id="Realtime2" msdata:rowOrder="1">
              <X>0</X>
              <Y>-100</Y>
            </Realtime>
          </DataSet>
        </diffgr:diffgram>
      </ConfigDataSet>
    </FeedbackEffect>
    <FeedbackEffect Type="SimFeedback.motion.PitchMotionFeedbackEffect">
      <linearInterpolation>true</linearInterpolation>
      <name>Pitch</name>
      <telemetryName>PitchDeg</telemetryName>
      <minValueY1>-100</minValueY1>
      <maxValueY1>100</maxValueY1>
      <intervalValueY1>25</intervalValueY1>
      <minValueX>-10</minValueX>
      <maxValueX>10</maxValueX>
      <intervalValueX>2.5</intervalValueX>
      <enabled>true</enabled>
      <mute>false</mute>
      <smoothing>2</smoothing>
      <controller-id>1</controller-id>
      <intensity>0.6</intensity>
      <ConfigDataSet>
        <xs:schema id="DataSet" xmlns="" xmlns:xs="http://www.w3.org/2001/XMLSchema" xmlns:msdata="urn:schemas-microsoft-com:xml-msdata">
          <xs:element name="DataSet" msdata:IsDataSet="true" msdata:Locale="de-DE">
            <xs:complexType>
              <xs:choice minOccurs="0" maxOccurs="unbounded">
                <xs:element name="Volume" msdata:Locale="de-DE">
                  <xs:complexType>
                    <xs:sequence>
                      <xs:element name="X" type="xs:double" minOccurs="0" />
                      <xs:element name="Y" type="xs:double" minOccurs="0" />
                    </xs:sequence>
                  </xs:complexType>
                </xs:element>
                <xs:element name="Frequency" msdata:Locale="de-DE">
                  <xs:complexType>
                    <xs:sequence>
                      <xs:element name="X" type="xs:double" minOccurs="0" />
                      <xs:element name="Y" type="xs:double" minOccurs="0" />
                    </xs:sequence>
                  </xs:complexType>
                </xs:element>
                <xs:element name="Realtime" msdata:Locale="de-DE">
                  <xs:complexType>
                    <xs:sequence>
                      <xs:element name="X" type="xs:double" minOccurs="0" />
                      <xs:element name="Y" type="xs:double" minOccurs="0" />
                    </xs:sequence>
                  </xs:complexType>
                </xs:element>
              </xs:choice>
            </xs:complexType>
          </xs:element>
        </xs:schema>
        <diffgr:diffgram xmlns:msdata="urn:schemas-microsoft-com:xml-msdata" xmlns:diffgr="urn:schemas-microsoft-com:xml-diffgram-v1">
          <DataSet>
            <Volume diffgr:id="Volume1" msdata:rowOrder="0">
              <X>-10</X>
              <Y>0</Y>
            </Volume>
            <Volume diffgr:id="Volume2" msdata:rowOrder="1">
              <X>0.026</X>
              <Y>0</Y>
            </Volume>
            <Volume diffgr:id="Volume3" msdata:rowOrder="2">
              <X>10</X>
              <Y>0</Y>
            </Volume>
            <Frequency diffgr:id="Frequency1" msdata:rowOrder="0">
              <X>-10</X>
              <Y>52.320017714553813</Y>
            </Frequency>
            <Frequency diffgr:id="Frequency2" msdata:rowOrder="1">
              <X>0.026</X>
              <Y>-0.39792560259367349</Y>
            </Frequency>
            <Frequency diffgr:id="Frequency3" msdata:rowOrder="2">
              <X>10</X>
              <Y>-49.989946103623637</Y>
            </Frequency>
          </DataSet>
        </diffgr:diffgram>
      </ConfigDataSet>
    </FeedbackEffect>
    <FeedbackEffect Type="SimFeedback.motion.RollMotionFeedbackEffect">
      <linearInterpolation>true</linearInterpolation>
      <name>Roll</name>
      <telemetryName>RollDeg</telemetryName>
      <minValueY1>-100</minValueY1>
      <maxValueY1>100</maxValueY1>
      <intervalValueY1>25</intervalValueY1>
      <minValueX>-10</minValueX>
      <maxValueX>10</maxValueX>
      <intervalValueX>2.5</intervalValueX>
      <enabled>true</enabled>
      <mute>false</mute>
      <smoothing>2</smoothing>
      <controller-id>1</controller-id>
      <intensity>0.5</intensity>
      <ConfigDataSet>
        <xs:schema id="DataSet" xmlns="" xmlns:xs="http://www.w3.org/2001/XMLSchema" xmlns:msdata="urn:schemas-microsoft-com:xml-msdata">
          <xs:element name="DataSet" msdata:IsDataSet="true" msdata:Locale="de-DE">
            <xs:complexType>
              <xs:choice minOccurs="0" maxOccurs="unbounded">
                <xs:element name="Volume" msdata:Locale="de-DE">
                  <xs:complexType>
                    <xs:sequence>
                      <xs:element name="X" type="xs:double" minOccurs="0" />
                      <xs:element name="Y" type="xs:double" minOccurs="0" />
                    </xs:sequence>
                  </xs:complexType>
                </xs:element>
                <xs:element name="Frequency" msdata:Locale="de-DE">
                  <xs:complexType>
                    <xs:sequence>
                      <xs:element name="X" type="xs:double" minOccurs="0" />
                      <xs:element name="Y" type="xs:double" minOccurs="0" />
                    </xs:sequence>
                  </xs:complexType>
                </xs:element>
                <xs:element name="Realtime" msdata:Locale="de-DE">
                  <xs:complexType>
                    <xs:sequence>
                      <xs:element name="X" type="xs:double" minOccurs="0" />
                      <xs:element name="Y" type="xs:double" minOccurs="0" />
                    </xs:sequence>
                  </xs:complexType>
                </xs:element>
              </xs:choice>
            </xs:complexType>
          </xs:element>
        </xs:schema>
        <diffgr:diffgram xmlns:msdata="urn:schemas-microsoft-com:xml-msdata" xmlns:diffgr="urn:schemas-microsoft-com:xml-diffgram-v1">
          <DataSet>
            <Volume diffgr:id="Volume1" msdata:rowOrder="0">
              <X>-10</X>
              <Y>0</Y>
            </Volume>
            <Volume diffgr:id="Volume2" msdata:rowOrder="1">
              <X>0.026</X>
              <Y>0</Y>
            </Volume>
            <Volume diffgr:id="Volume3" msdata:rowOrder="2">
              <X>10</X>
              <Y>0</Y>
            </Volume>
            <Frequency diffgr:id="Frequency1" msdata:rowOrder="0">
              <X>-10</X>
              <Y>-25.478183938851956</Y>
            </Frequency>
            <Frequency diffgr:id="Frequency2" msdata:rowOrder="1">
              <X>0.026</X>
              <Y>-0.39792560259367349</Y>
            </Frequency>
            <Frequency diffgr:id="Frequency3" msdata:rowOrder="2">
              <X>10</X>
              <Y>25.676797970236777</Y>
            </Frequency>
          </DataSet>
        </diffgr:diffgram>
      </ConfigDataSet>
    </FeedbackEffect>
    <FeedbackEffect Type="SimFeedback.motion.TractionLossMotionFeedbackEffect">
      <linearInterpolation>true</linearInterpolation>
      <name>Traction Loss</name>
      <telemetryName>SlipAngle</telemetryName>
      <minValueY1>-25</minValueY1>
      <maxValueY1>25</maxValueY1>
      <intervalValueY1>5</intervalValueY1>
      <minValueX>-20</minValueX>
      <maxValueX>20</maxValueX>
      <intervalValueX>5</intervalValueX>
      <enabled>true</enabled>
      <mute>false</mute>
      <smoothing>0</smoothing>
      <controller-id>1</controller-id>
      <intensity>1</intensity>
      <ConfigDataSet>
        <xs:schema id="DataSet" xmlns="" xmlns:xs="http://www.w3.org/2001/XMLSchema" xmlns:msdata="urn:schemas-microsoft-com:xml-msdata">
          <xs:element name="DataSet" msdata:IsDataSet="true" msdata:Locale="de-DE">
            <xs:complexType>
              <xs:choice minOccurs="0" maxOccurs="unbounded">
                <xs:element name="Volume" msdata:Locale="de-DE">
                  <xs:complexType>
                    <xs:sequence>
                      <xs:element name="X" type="xs:double" minOccurs="0" />
                      <xs:element name="Y" type="xs:double" minOccurs="0" />
                    </xs:sequence>
                  </xs:complexType>
                </xs:element>
                <xs:element name="Frequency" msdata:Locale="de-DE">
                  <xs:complexType>
                    <xs:sequence>
                      <xs:element name="X" type="xs:double" minOccurs="0" />
                      <xs:element name="Y" type="xs:double" minOccurs="0" />
                    </xs:sequence>
                  </xs:complexType>
                </xs:element>
                <xs:element name="Realtime" msdata:Locale="de-DE">
                  <xs:complexType>
                    <xs:sequence>
                      <xs:element name="X" type="xs:double" minOccurs="0" />
                      <xs:element name="Y" type="xs:double" minOccurs="0" />
                    </xs:sequence>
                  </xs:complexType>
                </xs:element>
              </xs:choice>
            </xs:complexType>
          </xs:element>
        </xs:schema>
        <diffgr:diffgram xmlns:msdata="urn:schemas-microsoft-com:xml-msdata" xmlns:diffgr="urn:schemas-microsoft-com:xml-diffgram-v1">
          <DataSet>
            <Volume diffgr:id="Volume1" msdata:rowOrder="0">
              <X>-6.771</X>
              <Y>0</Y>
            </Volume>
            <Volume diffgr:id="Volume2" msdata:rowOrder="1">
              <X>-2.37</X>
              <Y>0</Y>
            </Volume>
            <Volume diffgr:id="Volume3" msdata:rowOrder="2">
              <X>2.271</X>
              <Y>0</Y>
            </Volume>
            <Volume diffgr:id="Volume4" msdata:rowOrder="3">
              <X>6.833</X>
              <Y>0</Y>
            </Volume>
            <Frequency diffgr:id="Frequency1" msdata:rowOrder="0">
              <X>-6.771</X>
              <Y>-13.083322291106811</Y>
            </Frequency>
            <Frequency diffgr:id="Frequency2" msdata:rowOrder="1">
              <X>-2.37</X>
              <Y>0.0666068154180266</Y>
            </Frequency>
            <Frequency diffgr:id="Frequency3" msdata:rowOrder="2">
              <X>2.271</X>
              <Y>0.0666068154180266</Y>
            </Frequency>
            <Frequency diffgr:id="Frequency4" msdata:rowOrder="3">
              <X>6.833</X>
              <Y>15.239601938331276</Y>
            </Frequency>
          </DataSet>
        </diffgr:diffgram>
      </ConfigDataSet>
    </FeedbackEffect>
    <FeedbackEffect Type="SimFeedback.motion.rumble.AllRumbleEffect">
      <linearInterpolation>false</linearInterpolation>
      <name>RPM Aktuator</name>
      <telemetryName>Rpms</telemetryName>
      <minValueY1>0</minValueY1>
      <maxValueY1>120</maxValueY1>
      <intervalValueY1>10</intervalValueY1>
      <minValueX>0</minValueX>
      <maxValueX>10000</maxValueX>
      <intervalValueX>1000</intervalValueX>
      <enabled>false</enabled>
      <mute>false</mute>
      <smoothing>0</smoothing>
      <controller-id>0</controller-id>
      <intensity>1</intensity>
      <ConfigDataSet>
        <xs:schema id="DataSet" xmlns="" xmlns:xs="http://www.w3.org/2001/XMLSchema" xmlns:msdata="urn:schemas-microsoft-com:xml-msdata">
          <xs:element name="DataSet" msdata:IsDataSet="true" msdata:Locale="de-DE">
            <xs:complexType>
              <xs:choice minOccurs="0" maxOccurs="unbounded">
                <xs:element name="Volume" msdata:Locale="de-DE">
                  <xs:complexType>
                    <xs:sequence>
                      <xs:element name="X" type="xs:double" minOccurs="0" />
                      <xs:element name="Y" type="xs:double" minOccurs="0" />
                    </xs:sequence>
                  </xs:complexType>
                </xs:element>
                <xs:element name="Frequency" msdata:Locale="de-DE">
                  <xs:complexType>
                    <xs:sequence>
                      <xs:element name="X" type="xs:double" minOccurs="0" />
                      <xs:element name="Y" type="xs:double" minOccurs="0" />
                    </xs:sequence>
                  </xs:complexType>
                </xs:element>
                <xs:element name="Realtime" msdata:Locale="de-DE">
                  <xs:complexType>
                    <xs:sequence>
                      <xs:element name="X" type="xs:double" minOccurs="0" />
                      <xs:element name="Y" type="xs:double" minOccurs="0" />
                    </xs:sequence>
                  </xs:complexType>
                </xs:element>
              </xs:choice>
            </xs:complexType>
          </xs:element>
        </xs:schema>
        <diffgr:diffgram xmlns:msdata="urn:schemas-microsoft-com:xml-msdata" xmlns:diffgr="urn:schemas-microsoft-com:xml-diffgram-v1">
          <DataSet>
            <Volume diffgr:id="Volume1" msdata:rowOrder="0">
              <X>138.542</X>
              <Y>0.55243575864754824</Y>
            </Volume>
            <Volume diffgr:id="Volume2" msdata:rowOrder="1">
              <X>10000</X>
              <Y>1</Y>
            </Volume>
            <Frequency diffgr:id="Frequency1" msdata:rowOrder="0">
              <X>138.542</X>
              <Y>57.056987852520194</Y>
            </Frequency>
            <Frequency diffgr:id="Frequency2" msdata:rowOrder="1">
              <X>10000</X>
              <Y>99.024326779304587</Y>
            </Frequency>
          </DataSet>
        </diffgr:diffgram>
      </ConfigDataSet>
    </FeedbackEffect>
    <FeedbackEffect Type="SimFeedback.motion.rumble.AllRumbleEffect">
      <linearInterpolation>true</linearInterpolation>
      <name>Rumble Aktuator</name>
      <telemetryName>Rumble</telemetryName>
      <minValueY1>0</minValueY1>
      <maxValueY1>60</maxValueY1>
      <intervalValueY1>10</intervalValueY1>
      <minValueX>-1</minValueX>
      <maxValueX>1</maxValueX>
      <intervalValueX>0.25</intervalValueX>
      <enabled>false</enabled>
      <mute>false</mute>
      <smoothing>0</smoothing>
      <controller-id>0</controller-id>
      <intensity>1</intensity>
      <ConfigDataSet>
        <xs:schema id="DataSet" xmlns="" xmlns:xs="http://www.w3.org/2001/XMLSchema" xmlns:msdata="urn:schemas-microsoft-com:xml-msdata">
          <xs:element name="DataSet" msdata:IsDataSet="true" msdata:Locale="de-DE">
            <xs:complexType>
              <xs:choice minOccurs="0" maxOccurs="unbounded">
                <xs:element name="Volume" msdata:Locale="de-DE">
                  <xs:complexType>
                    <xs:sequence>
                      <xs:element name="X" type="xs:double" minOccurs="0" />
                      <xs:element name="Y" type="xs:double" minOccurs="0" />
                    </xs:sequence>
                  </xs:complexType>
                </xs:element>
                <xs:element name="Frequency" msdata:Locale="de-DE">
                  <xs:complexType>
                    <xs:sequence>
                      <xs:element name="X" type="xs:double" minOccurs="0" />
                      <xs:element name="Y" type="xs:double" minOccurs="0" />
                    </xs:sequence>
                  </xs:complexType>
                </xs:element>
                <xs:element name="Realtime" msdata:Locale="de-DE">
                  <xs:complexType>
                    <xs:sequence>
                      <xs:element name="X" type="xs:double" minOccurs="0" />
                      <xs:element name="Y" type="xs:double" minOccurs="0" />
                    </xs:sequence>
                  </xs:complexType>
                </xs:element>
              </xs:choice>
            </xs:complexType>
          </xs:element>
        </xs:schema>
        <diffgr:diffgram xmlns:msdata="urn:schemas-microsoft-com:xml-msdata" xmlns:diffgr="urn:schemas-microsoft-com:xml-diffgram-v1">
          <DataSet>
            <Volume diffgr:id="Volume1" msdata:rowOrder="0">
              <X>-1</X>
              <Y>1</Y>
            </Volume>
            <Volume diffgr:id="Volume2" msdata:rowOrder="1">
              <X>-0.507</X>
              <Y>0.50582517902732549</Y>
            </Volume>
            <Volume diffgr:id="Volume3" msdata:rowOrder="2">
              <X>-0.249</X>
              <Y>0</Y>
            </Volume>
            <Volume diffgr:id="Volume4" msdata:rowOrder="3">
              <X>-0.008</X>
              <Y>0</Y>
            </Volume>
            <Volume diffgr:id="Volume5" msdata:rowOrder="4">
              <X>0.238</X>
              <Y>0</Y>
            </Volume>
            <Volume diffgr:id="Volume6" msdata:rowOrder="5">
              <X>0.491</X>
              <Y>0.51648246692505217</Y>
            </Volume>
            <Volume diffgr:id="Volume7" msdata:rowOrder="6">
              <X>1</X>
              <Y>1</Y>
            </Volume>
            <Frequency diffgr:id="Frequency1" msdata:rowOrder="0">
              <X>-1</X>
              <Y>0</Y>
            </Frequency>
            <Frequency diffgr:id="Frequency2" msdata:rowOrder="1">
              <X>-0.507</X>
              <Y>25.23401255073065</Y>
            </Frequency>
            <Frequency diffgr:id="Frequency3" msdata:rowOrder="2">
              <X>-0.249</X>
              <Y>29.710073467775914</Y>
            </Frequency>
            <Frequency diffgr:id="Frequency4" msdata:rowOrder="3">
              <X>-0.008</X>
              <Y>0</Y>
            </Frequency>
            <Frequency diffgr:id="Frequency5" msdata:rowOrder="4">
              <X>0.238</X>
              <Y>29.390354830844114</Y>
            </Frequency>
            <Frequency diffgr:id="Frequency6" msdata:rowOrder="5">
              <X>0.491</X>
              <Y>25.23401255073065</Y>
            </Frequency>
            <Frequency diffgr:id="Frequency7" msdata:rowOrder="6">
              <X>1</X>
              <Y>0</Y>
            </Frequency>
            <Realtime diffgr:id="Realtime1" msdata:rowOrder="0">
              <X>-1</X>
              <Y>0</Y>
            </Realtime>
            <Realtime diffgr:id="Realtime2" msdata:rowOrder="1">
              <X>0.006018877499168694</X>
              <Y>0</Y>
            </Realtime>
          </DataSet>
        </diffgr:diffgram>
      </ConfigDataSet>
    </FeedbackEffect>
    <FeedbackEffect Type="SimFeedback.effects.SineTactileFeedbackEffect">
      <name>RPM Shaker</name>
      <telemetryName>Rpms</telemetryName>
      <minValueY1>0</minValueY1>
      <maxValueY1>120</maxValueY1>
      <intervalValueY1>10</intervalValueY1>
      <minValueX>0</minValueX>
      <maxValueX>10000</maxValueX>
      <intervalValueX>1000</intervalValueX>
      <enabled>true</enabled>
      <mute>false</mute>
      <intensity>1</intensity>
      <smoothing>0</smoothing>
      <linearInterpolation>false</linearInterpolation>
      <controller-id>0</controller-id>
      <ConfigDataSet>
        <xs:schema id="DataSet" xmlns="" xmlns:xs="http://www.w3.org/2001/XMLSchema" xmlns:msdata="urn:schemas-microsoft-com:xml-msdata">
          <xs:element name="DataSet" msdata:IsDataSet="true" msdata:Locale="de-DE">
            <xs:complexType>
              <xs:choice minOccurs="0" maxOccurs="unbounded">
                <xs:element name="Volume" msdata:Locale="de-DE">
                  <xs:complexType>
                    <xs:sequence>
                      <xs:element name="X" type="xs:double" minOccurs="0" />
                      <xs:element name="Y" type="xs:double" minOccurs="0" />
                    </xs:sequence>
                  </xs:complexType>
                </xs:element>
                <xs:element name="Frequency" msdata:Locale="de-DE">
                  <xs:complexType>
                    <xs:sequence>
                      <xs:element name="X" type="xs:double" minOccurs="0" />
                      <xs:element name="Y" type="xs:double" minOccurs="0" />
                    </xs:sequence>
                  </xs:complexType>
                </xs:element>
                <xs:element name="Realtime" msdata:Locale="de-DE">
                  <xs:complexType>
                    <xs:sequence>
                      <xs:element name="X" type="xs:double" minOccurs="0" />
                      <xs:element name="Y" type="xs:double" minOccurs="0" />
                    </xs:sequence>
                  </xs:complexType>
                </xs:element>
              </xs:choice>
            </xs:complexType>
          </xs:element>
        </xs:schema>
        <diffgr:diffgram xmlns:msdata="urn:schemas-microsoft-com:xml-msdata" xmlns:diffgr="urn:schemas-microsoft-com:xml-diffgram-v1">
          <DataSet>
            <Volume diffgr:id="Volume1" msdata:rowOrder="0">
              <X>0</X>
              <Y>0.1682235492230163</Y>
            </Volume>
            <Volume diffgr:id="Volume2" msdata:rowOrder="1">
              <X>10000</X>
              <Y>0.58322102269389764</Y>
            </Volume>
            <Frequency diffgr:id="Frequency1" msdata:rowOrder="0">
              <X>0</X>
              <Y>30.023803055701361</Y>
            </Frequency>
            <Frequency diffgr:id="Frequency2" msdata:rowOrder="1">
              <X>10000</X>
              <Y>74.905011297737431</Y>
            </Frequency>
          </DataSet>
        </diffgr:diffgram>
      </ConfigDataSet>
      <Smooth>0</Smooth>
    </FeedbackEffect>
  </FeedbackEffectList>
</Profile>