<?xml version="1.0"?>
<Profile xmlns:xsi="http://www.w3.org/2001/XMLSchema-instance" xmlns:xsd="http://www.w3.org/2001/XMLSchema" Active="false" Name="Project Cars - ALL CARS" TelemetryProvider="pcars" OverallSmoothnessEnabled="false" OverallSmoothness="0.3" overallIntensity="1" acceleration="56" minSpeed="64564" maxSpeed="65274">
  <author>saxxon66</author>
  <version>v1.0</version>
  <info>Baseline profile for Project Cars 1+2.
Right click on the profile name (left) and copy.
Activate your copy and get started!</info>
  <bannerImage>img/banner_pcars.png</bannerImage>
  <FeedbackEffectList>
    <FeedbackEffect Type="SimFeedback.motion.HeaveMotionFeedbackEffect">
      <linearInterpolation>true</linearInterpolation>
      <name>Heave</name>
      <telemetryName>Heave</telemetryName>
      <minValueY1>-25</minValueY1>
      <maxValueY1>25</maxValueY1>
      <intervalValueY1>5</intervalValueY1>
      <minValueX>-3</minValueX>
      <maxValueX>3</maxValueX>
      <intervalValueX>1</intervalValueX>
      <enabled>true</enabled>
      <mute>false</mute>
      <smoothing>0</smoothing>
      <controller-id>1</controller-id>
      <intensity>1</intensity>
      <ConfigDataSet>
        <xs:schema id="DataSet" xmlns="" xmlns:xs="http://www.w3.org/2001/XMLSchema" xmlns:msdata="urn:schemas-microsoft-com:xml-msdata">
          <xs:element name="DataSet" msdata:IsDataSet="true" msdata:Locale="de-DE">
            <xs:complexType>
              <xs:choice minOccurs="0" maxOccurs="unbounded">
                <xs:element name="Volume" msdata:Locale="de-DE">
                  <xs:complexType>
                    <xs:sequence>
                      <xs:element name="X" type="xs:double" minOccurs="0" />
                      <xs:element name="Y" type="xs:double" minOccurs="0" />
                    </xs:sequence>
                  </xs:complexType>
                </xs:element>
                <xs:element name="Frequency" msdata:Locale="de-DE">
                  <xs:complexType>
                    <xs:sequence>
                      <xs:element name="X" type="xs:double" minOccurs="0" />
                      <xs:element name="Y" type="xs:double" minOccurs="0" />
                    </xs:sequence>
                  </xs:complexType>
                </xs:element>
                <xs:element name="Realtime" msdata:Locale="de-DE">
                  <xs:complexType>
                    <xs:sequence>
                      <xs:element name="X" type="xs:double" minOccurs="0" />
                      <xs:element name="Y" type="xs:double" minOccurs="0" />
                    </xs:sequence>
                  </xs:complexType>
                </xs:element>
              </xs:choice>
            </xs:complexType>
          </xs:element>
        </xs:schema>
        <diffgr:diffgram xmlns:msdata="urn:schemas-microsoft-com:xml-msdata" xmlns:diffgr="urn:schemas-microsoft-com:xml-diffgram-v1">
          <DataSet>
            <Volume diffgr:id="Volume1" msdata:rowOrder="0">
              <X>-3</X>
              <Y>0</Y>
            </Volume>
            <Volume diffgr:id="Volume2" msdata:rowOrder="1">
              <X>0.012</X>
              <Y>0</Y>
            </Volume>
            <Volume diffgr:id="Volume3" msdata:rowOrder="2">
              <X>3</X>
              <Y>0</Y>
            </Volume>
            <Frequency diffgr:id="Frequency1" msdata:rowOrder="0">
              <X>-3</X>
              <Y>-14.895376302894446</Y>
            </Frequency>
            <Frequency diffgr:id="Frequency2" msdata:rowOrder="1">
              <X>0.012</X>
              <Y>0.01665170385450665</Y>
            </Frequency>
            <Frequency diffgr:id="Frequency3" msdata:rowOrder="2">
              <X>3</X>
              <Y>15.211462008183823</Y>
            </Frequency>
            <Realtime diffgr:id="Realtime1" msdata:rowOrder="0">
              <X>-3</X>
              <Y>-25</Y>
            </Realtime>
            <Realtime diffgr:id="Realtime2" msdata:rowOrder="1">
              <X>-0.01733099</X>
              <Y>-25</Y>
            </Realtime>
          </DataSet>
        </diffgr:diffgram>
      </ConfigDataSet>
    </FeedbackEffect>
    <FeedbackEffect Type="SimFeedback.motion.PitchMotionFeedbackEffect">
      <linearInterpolation>false</linearInterpolation>
      <name>Surge</name>
      <telemetryName>Surge</telemetryName>
      <minValueY1>-25</minValueY1>
      <maxValueY1>25</maxValueY1>
      <intervalValueY1>5</intervalValueY1>
      <minValueX>-2</minValueX>
      <maxValueX>2</maxValueX>
      <intervalValueX>1</intervalValueX>
      <enabled>true</enabled>
      <mute>false</mute>
      <smoothing>3</smoothing>
      <controller-id>1</controller-id>
      <intensity>1</intensity>
      <ConfigDataSet>
        <xs:schema id="DataSet" xmlns="" xmlns:xs="http://www.w3.org/2001/XMLSchema" xmlns:msdata="urn:schemas-microsoft-com:xml-msdata">
          <xs:element name="DataSet" msdata:IsDataSet="true" msdata:Locale="de-DE">
            <xs:complexType>
              <xs:choice minOccurs="0" maxOccurs="unbounded">
                <xs:element name="Volume" msdata:Locale="de-DE">
                  <xs:complexType>
                    <xs:sequence>
                      <xs:element name="X" type="xs:double" minOccurs="0" />
                      <xs:element name="Y" type="xs:double" minOccurs="0" />
                    </xs:sequence>
                  </xs:complexType>
                </xs:element>
                <xs:element name="Frequency" msdata:Locale="de-DE">
                  <xs:complexType>
                    <xs:sequence>
                      <xs:element name="X" type="xs:double" minOccurs="0" />
                      <xs:element name="Y" type="xs:double" minOccurs="0" />
                    </xs:sequence>
                  </xs:complexType>
                </xs:element>
                <xs:element name="Realtime" msdata:Locale="de-DE">
                  <xs:complexType>
                    <xs:sequence>
                      <xs:element name="X" type="xs:double" minOccurs="0" />
                      <xs:element name="Y" type="xs:double" minOccurs="0" />
                    </xs:sequence>
                  </xs:complexType>
                </xs:element>
              </xs:choice>
            </xs:complexType>
          </xs:element>
        </xs:schema>
        <diffgr:diffgram xmlns:msdata="urn:schemas-microsoft-com:xml-msdata" xmlns:diffgr="urn:schemas-microsoft-com:xml-diffgram-v1">
          <DataSet>
            <Volume diffgr:id="Volume1" msdata:rowOrder="0">
              <X>-2</X>
              <Y>0</Y>
            </Volume>
            <Volume diffgr:id="Volume2" msdata:rowOrder="1">
              <X>0</X>
              <Y>0</Y>
            </Volume>
            <Volume diffgr:id="Volume3" msdata:rowOrder="2">
              <X>2</X>
              <Y>0</Y>
            </Volume>
            <Frequency diffgr:id="Frequency1" msdata:rowOrder="0">
              <X>-2</X>
              <Y>-3.4387918128381152</Y>
            </Frequency>
            <Frequency diffgr:id="Frequency2" msdata:rowOrder="1">
              <X>0</X>
              <Y>0.024826753923104405</Y>
            </Frequency>
            <Frequency diffgr:id="Frequency3" msdata:rowOrder="2">
              <X>2</X>
              <Y>9.8828180593204138</Y>
            </Frequency>
          </DataSet>
        </diffgr:diffgram>
      </ConfigDataSet>
    </FeedbackEffect>
    <FeedbackEffect Type="SimFeedback.motion.RollMotionFeedbackEffect">
      <linearInterpolation>false</linearInterpolation>
      <name>Sway</name>
      <telemetryName>Sway</telemetryName>
      <minValueY1>-25</minValueY1>
      <maxValueY1>25</maxValueY1>
      <intervalValueY1>5</intervalValueY1>
      <minValueX>-2</minValueX>
      <maxValueX>2</maxValueX>
      <intervalValueX>0.5</intervalValueX>
      <enabled>false</enabled>
      <mute>false</mute>
      <smoothing>10</smoothing>
      <controller-id>1</controller-id>
      <intensity>1</intensity>
      <ConfigDataSet>
        <xs:schema id="DataSet" xmlns="" xmlns:xs="http://www.w3.org/2001/XMLSchema" xmlns:msdata="urn:schemas-microsoft-com:xml-msdata">
          <xs:element name="DataSet" msdata:IsDataSet="true" msdata:Locale="de-DE">
            <xs:complexType>
              <xs:choice minOccurs="0" maxOccurs="unbounded">
                <xs:element name="Volume" msdata:Locale="de-DE">
                  <xs:complexType>
                    <xs:sequence>
                      <xs:element name="X" type="xs:double" minOccurs="0" />
                      <xs:element name="Y" type="xs:double" minOccurs="0" />
                    </xs:sequence>
                  </xs:complexType>
                </xs:element>
                <xs:element name="Frequency" msdata:Locale="de-DE">
                  <xs:complexType>
                    <xs:sequence>
                      <xs:element name="X" type="xs:double" minOccurs="0" />
                      <xs:element name="Y" type="xs:double" minOccurs="0" />
                    </xs:sequence>
                  </xs:complexType>
                </xs:element>
                <xs:element name="Realtime" msdata:Locale="de-DE">
                  <xs:complexType>
                    <xs:sequence>
                      <xs:element name="X" type="xs:double" minOccurs="0" />
                      <xs:element name="Y" type="xs:double" minOccurs="0" />
                    </xs:sequence>
                  </xs:complexType>
                </xs:element>
              </xs:choice>
            </xs:complexType>
          </xs:element>
        </xs:schema>
        <diffgr:diffgram xmlns:msdata="urn:schemas-microsoft-com:xml-msdata" xmlns:diffgr="urn:schemas-microsoft-com:xml-diffgram-v1">
          <DataSet>
            <Volume diffgr:id="Volume1" msdata:rowOrder="0">
              <X>-2</X>
              <Y>0</Y>
            </Volume>
            <Volume diffgr:id="Volume2" msdata:rowOrder="1">
              <X>2</X>
              <Y>0</Y>
            </Volume>
            <Frequency diffgr:id="Frequency1" msdata:rowOrder="0">
              <X>-2</X>
              <Y>-15.161808500337621</Y>
            </Frequency>
            <Frequency diffgr:id="Frequency2" msdata:rowOrder="1">
              <X>2</X>
              <Y>15.211462008183823</Y>
            </Frequency>
          </DataSet>
        </diffgr:diffgram>
      </ConfigDataSet>
    </FeedbackEffect>
    <FeedbackEffect Type="SimFeedback.motion.PitchMotionFeedbackEffect">
      <linearInterpolation>false</linearInterpolation>
      <name>Pitch</name>
      <telemetryName>Pitch</telemetryName>
      <minValueY1>-50</minValueY1>
      <maxValueY1>50</maxValueY1>
      <intervalValueY1>10</intervalValueY1>
      <minValueX>-10</minValueX>
      <maxValueX>10</maxValueX>
      <intervalValueX>2.5</intervalValueX>
      <enabled>true</enabled>
      <mute>false</mute>
      <smoothing>0</smoothing>
      <controller-id>1</controller-id>
      <intensity>1</intensity>
      <ConfigDataSet>
        <xs:schema id="DataSet" xmlns="" xmlns:xs="http://www.w3.org/2001/XMLSchema" xmlns:msdata="urn:schemas-microsoft-com:xml-msdata">
          <xs:element name="DataSet" msdata:IsDataSet="true" msdata:Locale="de-DE">
            <xs:complexType>
              <xs:choice minOccurs="0" maxOccurs="unbounded">
                <xs:element name="Volume" msdata:Locale="de-DE">
                  <xs:complexType>
                    <xs:sequence>
                      <xs:element name="X" type="xs:double" minOccurs="0" />
                      <xs:element name="Y" type="xs:double" minOccurs="0" />
                    </xs:sequence>
                  </xs:complexType>
                </xs:element>
                <xs:element name="Frequency" msdata:Locale="de-DE">
                  <xs:complexType>
                    <xs:sequence>
                      <xs:element name="X" type="xs:double" minOccurs="0" />
                      <xs:element name="Y" type="xs:double" minOccurs="0" />
                    </xs:sequence>
                  </xs:complexType>
                </xs:element>
                <xs:element name="Realtime" msdata:Locale="de-DE">
                  <xs:complexType>
                    <xs:sequence>
                      <xs:element name="X" type="xs:double" minOccurs="0" />
                      <xs:element name="Y" type="xs:double" minOccurs="0" />
                    </xs:sequence>
                  </xs:complexType>
                </xs:element>
              </xs:choice>
            </xs:complexType>
          </xs:element>
        </xs:schema>
        <diffgr:diffgram xmlns:msdata="urn:schemas-microsoft-com:xml-msdata" xmlns:diffgr="urn:schemas-microsoft-com:xml-diffgram-v1">
          <DataSet>
            <Volume diffgr:id="Volume1" msdata:rowOrder="0">
              <X>-10</X>
              <Y>0</Y>
            </Volume>
            <Volume diffgr:id="Volume2" msdata:rowOrder="1">
              <X>10</X>
              <Y>0</Y>
            </Volume>
            <Frequency diffgr:id="Frequency1" msdata:rowOrder="0">
              <X>-10</X>
              <Y>29.357195226594968</Y>
            </Frequency>
            <Frequency diffgr:id="Frequency2" msdata:rowOrder="1">
              <X>10</X>
              <Y>-30.323617000675242</Y>
            </Frequency>
          </DataSet>
        </diffgr:diffgram>
      </ConfigDataSet>
    </FeedbackEffect>
    <FeedbackEffect Type="SimFeedback.motion.RollMotionFeedbackEffect">
      <linearInterpolation>false</linearInterpolation>
      <name>Roll</name>
      <telemetryName>Roll</telemetryName>
      <minValueY1>-20</minValueY1>
      <maxValueY1>20</maxValueY1>
      <intervalValueY1>5</intervalValueY1>
      <minValueX>-10</minValueX>
      <maxValueX>10</maxValueX>
      <intervalValueX>2.5</intervalValueX>
      <enabled>true</enabled>
      <mute>false</mute>
      <smoothing>0</smoothing>
      <controller-id>1</controller-id>
      <intensity>1</intensity>
      <ConfigDataSet>
        <xs:schema id="DataSet" xmlns="" xmlns:xs="http://www.w3.org/2001/XMLSchema" xmlns:msdata="urn:schemas-microsoft-com:xml-msdata">
          <xs:element name="DataSet" msdata:IsDataSet="true" msdata:Locale="de-DE">
            <xs:complexType>
              <xs:choice minOccurs="0" maxOccurs="unbounded">
                <xs:element name="Volume" msdata:Locale="de-DE">
                  <xs:complexType>
                    <xs:sequence>
                      <xs:element name="X" type="xs:double" minOccurs="0" />
                      <xs:element name="Y" type="xs:double" minOccurs="0" />
                    </xs:sequence>
                  </xs:complexType>
                </xs:element>
                <xs:element name="Frequency" msdata:Locale="de-DE">
                  <xs:complexType>
                    <xs:sequence>
                      <xs:element name="X" type="xs:double" minOccurs="0" />
                      <xs:element name="Y" type="xs:double" minOccurs="0" />
                    </xs:sequence>
                  </xs:complexType>
                </xs:element>
                <xs:element name="Realtime" msdata:Locale="de-DE">
                  <xs:complexType>
                    <xs:sequence>
                      <xs:element name="X" type="xs:double" minOccurs="0" />
                      <xs:element name="Y" type="xs:double" minOccurs="0" />
                    </xs:sequence>
                  </xs:complexType>
                </xs:element>
              </xs:choice>
            </xs:complexType>
          </xs:element>
        </xs:schema>
        <diffgr:diffgram xmlns:msdata="urn:schemas-microsoft-com:xml-msdata" xmlns:diffgr="urn:schemas-microsoft-com:xml-diffgram-v1">
          <DataSet>
            <Volume diffgr:id="Volume1" msdata:rowOrder="0">
              <X>-10</X>
              <Y>0</Y>
            </Volume>
            <Volume diffgr:id="Volume2" msdata:rowOrder="1">
              <X>10</X>
              <Y>0</Y>
            </Volume>
            <Frequency diffgr:id="Frequency1" msdata:rowOrder="0">
              <X>-10</X>
              <Y>14.726918702001498</Y>
            </Frequency>
            <Frequency diffgr:id="Frequency2" msdata:rowOrder="1">
              <X>10</X>
              <Y>-15.113487411633606</Y>
            </Frequency>
          </DataSet>
        </diffgr:diffgram>
      </ConfigDataSet>
    </FeedbackEffect>
    <FeedbackEffect Type="SimFeedback.motion.TractionLossMotionFeedbackEffect">
      <linearInterpolation>false</linearInterpolation>
      <name>Traction Loss</name>
      <telemetryName>SlipAngle</telemetryName>
      <minValueY1>-15</minValueY1>
      <maxValueY1>15</maxValueY1>
      <intervalValueY1>5</intervalValueY1>
      <minValueX>-10</minValueX>
      <maxValueX>10</maxValueX>
      <intervalValueX>2.5</intervalValueX>
      <enabled>true</enabled>
      <mute>false</mute>
      <smoothing>2</smoothing>
      <controller-id>1</controller-id>
      <intensity>0.7</intensity>
      <ConfigDataSet>
        <xs:schema id="DataSet" xmlns="" xmlns:xs="http://www.w3.org/2001/XMLSchema" xmlns:msdata="urn:schemas-microsoft-com:xml-msdata">
          <xs:element name="DataSet" msdata:IsDataSet="true" msdata:Locale="de-DE">
            <xs:complexType>
              <xs:choice minOccurs="0" maxOccurs="unbounded">
                <xs:element name="Volume" msdata:Locale="de-DE">
                  <xs:complexType>
                    <xs:sequence>
                      <xs:element name="X" type="xs:double" minOccurs="0" />
                      <xs:element name="Y" type="xs:double" minOccurs="0" />
                    </xs:sequence>
                  </xs:complexType>
                </xs:element>
                <xs:element name="Frequency" msdata:Locale="de-DE">
                  <xs:complexType>
                    <xs:sequence>
                      <xs:element name="X" type="xs:double" minOccurs="0" />
                      <xs:element name="Y" type="xs:double" minOccurs="0" />
                    </xs:sequence>
                  </xs:complexType>
                </xs:element>
                <xs:element name="Realtime" msdata:Locale="de-DE">
                  <xs:complexType>
                    <xs:sequence>
                      <xs:element name="X" type="xs:double" minOccurs="0" />
                      <xs:element name="Y" type="xs:double" minOccurs="0" />
                    </xs:sequence>
                  </xs:complexType>
                </xs:element>
              </xs:choice>
            </xs:complexType>
          </xs:element>
        </xs:schema>
        <diffgr:diffgram xmlns:msdata="urn:schemas-microsoft-com:xml-msdata" xmlns:diffgr="urn:schemas-microsoft-com:xml-diffgram-v1">
          <DataSet>
            <Volume diffgr:id="Volume1" msdata:rowOrder="0">
              <X>-7.562</X>
              <Y>0</Y>
            </Volume>
            <Volume diffgr:id="Volume2" msdata:rowOrder="1">
              <X>-1.13</X>
              <Y>0</Y>
            </Volume>
            <Volume diffgr:id="Volume3" msdata:rowOrder="2">
              <X>1.052</X>
              <Y>0</Y>
            </Volume>
            <Volume diffgr:id="Volume4" msdata:rowOrder="3">
              <X>7.484</X>
              <Y>0</Y>
            </Volume>
            <Frequency diffgr:id="Frequency1" msdata:rowOrder="0">
              <X>-7.562</X>
              <Y>10.086033115705707</Y>
            </Frequency>
            <Frequency diffgr:id="Frequency2" msdata:rowOrder="1">
              <X>-1.13</X>
              <Y>0.014896052353861933</Y>
            </Frequency>
            <Frequency diffgr:id="Frequency3" msdata:rowOrder="2">
              <X>1.052</X>
              <Y>0.014896052353861933</Y>
            </Frequency>
            <Frequency diffgr:id="Frequency4" msdata:rowOrder="3">
              <X>7.484</X>
              <Y>-10.056241010997987</Y>
            </Frequency>
          </DataSet>
        </diffgr:diffgram>
      </ConfigDataSet>
    </FeedbackEffect>
    <FeedbackEffect Type="SimFeedback.effects.SineTactileFeedbackEffect">
      <name>RPM Shaker</name>
      <telemetryName>RPM</telemetryName>
      <minValueY1>0</minValueY1>
      <maxValueY1>120</maxValueY1>
      <intervalValueY1>10</intervalValueY1>
      <minValueX>0</minValueX>
      <maxValueX>10000</maxValueX>
      <intervalValueX>1000</intervalValueX>
      <enabled>true</enabled>
      <mute>false</mute>
      <intensity>1</intensity>
      <smoothing>0</smoothing>
      <linearInterpolation>false</linearInterpolation>
      <controller-id>0</controller-id>
      <ConfigDataSet>
        <xs:schema id="DataSet" xmlns="" xmlns:xs="http://www.w3.org/2001/XMLSchema" xmlns:msdata="urn:schemas-microsoft-com:xml-msdata">
          <xs:element name="DataSet" msdata:IsDataSet="true" msdata:Locale="de-DE">
            <xs:complexType>
              <xs:choice minOccurs="0" maxOccurs="unbounded">
                <xs:element name="Volume" msdata:Locale="de-DE">
                  <xs:complexType>
                    <xs:sequence>
                      <xs:element name="X" type="xs:double" minOccurs="0" />
                      <xs:element name="Y" type="xs:double" minOccurs="0" />
                    </xs:sequence>
                  </xs:complexType>
                </xs:element>
                <xs:element name="Frequency" msdata:Locale="de-DE">
                  <xs:complexType>
                    <xs:sequence>
                      <xs:element name="X" type="xs:double" minOccurs="0" />
                      <xs:element name="Y" type="xs:double" minOccurs="0" />
                    </xs:sequence>
                  </xs:complexType>
                </xs:element>
                <xs:element name="Realtime" msdata:Locale="de-DE">
                  <xs:complexType>
                    <xs:sequence>
                      <xs:element name="X" type="xs:double" minOccurs="0" />
                      <xs:element name="Y" type="xs:double" minOccurs="0" />
                    </xs:sequence>
                  </xs:complexType>
                </xs:element>
              </xs:choice>
            </xs:complexType>
          </xs:element>
        </xs:schema>
        <diffgr:diffgram xmlns:msdata="urn:schemas-microsoft-com:xml-msdata" xmlns:diffgr="urn:schemas-microsoft-com:xml-diffgram-v1">
          <DataSet>
            <Volume diffgr:id="Volume1" msdata:rowOrder="0">
              <X>1301.67</X>
              <Y>0.55243575864754824</Y>
            </Volume>
            <Volume diffgr:id="Volume2" msdata:rowOrder="1">
              <X>10000</X>
              <Y>1</Y>
            </Volume>
            <Frequency diffgr:id="Frequency1" msdata:rowOrder="0">
              <X>1301.67</X>
              <Y>30.405010193547803</Y>
            </Frequency>
            <Frequency diffgr:id="Frequency2" msdata:rowOrder="1">
              <X>10000</X>
              <Y>84.834052807187419</Y>
            </Frequency>
            <Realtime diffgr:id="Realtime1" msdata:rowOrder="0">
              <X>0</X>
              <Y>0</Y>
            </Realtime>
            <Realtime diffgr:id="Realtime2" msdata:rowOrder="1">
              <X>773.54852294921875</X>
              <Y>0</Y>
            </Realtime>
          </DataSet>
        </diffgr:diffgram>
      </ConfigDataSet>
      <Smooth>0</Smooth>
    </FeedbackEffect>
  </FeedbackEffectList>
</Profile>