<?xml version="1.0"?>
<Profile xmlns:xsi="http://www.w3.org/2001/XMLSchema-instance" xmlns:xsd="http://www.w3.org/2001/XMLSchema" Active="false" Name="Race Room - ALL CARS" TelemetryProvider="r3e" OverallSmoothnessEnabled="false" OverallSmoothness="0.5" overallIntensity="1" acceleration="100" minSpeed="64416" maxSpeed="65376">
  <author>saxxon66</author>
  <version>v1.0</version>
  <info>Baseline profile for Race Room.
Right click on the profile name (left) and copy.
Activate your copy and get started!
</info>
  <bannerImage>img/banner_r3e.png</bannerImage>
  <FeedbackEffectList>
    <FeedbackEffect Type="SimFeedback.motion.HeaveMotionFeedbackEffect">
      <linearInterpolation>false</linearInterpolation>
      <name>Heave</name>
      <telemetryName>Heave</telemetryName>
      <minValueY1>-100</minValueY1>
      <maxValueY1>100</maxValueY1>
      <intervalValueY1>25</intervalValueY1>
      <minValueX>-1</minValueX>
      <maxValueX>1</maxValueX>
      <intervalValueX>0.5</intervalValueX>
      <enabled>true</enabled>
      <mute>false</mute>
      <smoothing>0</smoothing>
      <controller-id>1</controller-id>
      <intensity>0.900000036</intensity>
      <ConfigDataSet>
        <xs:schema id="DataSet" xmlns="" xmlns:xs="http://www.w3.org/2001/XMLSchema" xmlns:msdata="urn:schemas-microsoft-com:xml-msdata">
          <xs:element name="DataSet" msdata:IsDataSet="true" msdata:Locale="de-DE">
            <xs:complexType>
              <xs:choice minOccurs="0" maxOccurs="unbounded">
                <xs:element name="Volume" msdata:Locale="de-DE">
                  <xs:complexType>
                    <xs:sequence>
                      <xs:element name="X" type="xs:double" minOccurs="0" />
                      <xs:element name="Y" type="xs:double" minOccurs="0" />
                    </xs:sequence>
                  </xs:complexType>
                </xs:element>
                <xs:element name="Frequency" msdata:Locale="de-DE">
                  <xs:complexType>
                    <xs:sequence>
                      <xs:element name="X" type="xs:double" minOccurs="0" />
                      <xs:element name="Y" type="xs:double" minOccurs="0" />
                    </xs:sequence>
                  </xs:complexType>
                </xs:element>
                <xs:element name="Realtime" msdata:Locale="de-DE">
                  <xs:complexType>
                    <xs:sequence>
                      <xs:element name="X" type="xs:double" minOccurs="0" />
                      <xs:element name="Y" type="xs:double" minOccurs="0" />
                    </xs:sequence>
                  </xs:complexType>
                </xs:element>
              </xs:choice>
            </xs:complexType>
          </xs:element>
        </xs:schema>
        <diffgr:diffgram xmlns:msdata="urn:schemas-microsoft-com:xml-msdata" xmlns:diffgr="urn:schemas-microsoft-com:xml-diffgram-v1">
          <DataSet>
            <Volume diffgr:id="Volume1" msdata:rowOrder="0">
              <X>-3</X>
              <Y>0</Y>
            </Volume>
            <Volume diffgr:id="Volume2" msdata:rowOrder="1">
              <X>-1</X>
              <Y>0</Y>
            </Volume>
            <Volume diffgr:id="Volume3" msdata:rowOrder="2">
              <X>0.002</X>
              <Y>0</Y>
            </Volume>
            <Volume diffgr:id="Volume4" msdata:rowOrder="3">
              <X>0.029</X>
              <Y>0</Y>
            </Volume>
            <Volume diffgr:id="Volume5" msdata:rowOrder="4">
              <X>1</X>
              <Y>0</Y>
            </Volume>
            <Frequency diffgr:id="Frequency1" msdata:rowOrder="0">
              <X>-3</X>
              <Y>-20.164053348466339</Y>
            </Frequency>
            <Frequency diffgr:id="Frequency2" msdata:rowOrder="1">
              <X>-1</X>
              <Y>-28.256317414020074</Y>
            </Frequency>
            <Frequency diffgr:id="Frequency3" msdata:rowOrder="2">
              <X>0.002</X>
              <Y>0.0666068154180266</Y>
            </Frequency>
            <Frequency diffgr:id="Frequency4" msdata:rowOrder="3">
              <X>1</X>
              <Y>26.366465028467672</Y>
            </Frequency>
          </DataSet>
        </diffgr:diffgram>
      </ConfigDataSet>
    </FeedbackEffect>
    <FeedbackEffect Type="SimFeedback.motion.PitchMotionFeedbackEffect">
      <linearInterpolation>false</linearInterpolation>
      <name>Surge</name>
      <telemetryName>Surge</telemetryName>
      <minValueY1>-100</minValueY1>
      <maxValueY1>100</maxValueY1>
      <intervalValueY1>25</intervalValueY1>
      <minValueX>-3</minValueX>
      <maxValueX>3</maxValueX>
      <intervalValueX>0.5</intervalValueX>
      <enabled>true</enabled>
      <mute>false</mute>
      <smoothing>10</smoothing>
      <controller-id>1</controller-id>
      <intensity>0.7</intensity>
      <ConfigDataSet>
        <xs:schema id="DataSet" xmlns="" xmlns:xs="http://www.w3.org/2001/XMLSchema" xmlns:msdata="urn:schemas-microsoft-com:xml-msdata">
          <xs:element name="DataSet" msdata:IsDataSet="true" msdata:Locale="de-DE">
            <xs:complexType>
              <xs:choice minOccurs="0" maxOccurs="unbounded">
                <xs:element name="Volume" msdata:Locale="de-DE">
                  <xs:complexType>
                    <xs:sequence>
                      <xs:element name="X" type="xs:double" minOccurs="0" />
                      <xs:element name="Y" type="xs:double" minOccurs="0" />
                    </xs:sequence>
                  </xs:complexType>
                </xs:element>
                <xs:element name="Frequency" msdata:Locale="de-DE">
                  <xs:complexType>
                    <xs:sequence>
                      <xs:element name="X" type="xs:double" minOccurs="0" />
                      <xs:element name="Y" type="xs:double" minOccurs="0" />
                    </xs:sequence>
                  </xs:complexType>
                </xs:element>
                <xs:element name="Realtime" msdata:Locale="de-DE">
                  <xs:complexType>
                    <xs:sequence>
                      <xs:element name="X" type="xs:double" minOccurs="0" />
                      <xs:element name="Y" type="xs:double" minOccurs="0" />
                    </xs:sequence>
                  </xs:complexType>
                </xs:element>
              </xs:choice>
            </xs:complexType>
          </xs:element>
        </xs:schema>
        <diffgr:diffgram xmlns:msdata="urn:schemas-microsoft-com:xml-msdata" xmlns:diffgr="urn:schemas-microsoft-com:xml-diffgram-v1">
          <DataSet>
            <Volume diffgr:id="Volume1" msdata:rowOrder="0">
              <X>-3</X>
              <Y>0</Y>
            </Volume>
            <Volume diffgr:id="Volume2" msdata:rowOrder="1">
              <X>-1.268</X>
              <Y>0</Y>
            </Volume>
            <Volume diffgr:id="Volume3" msdata:rowOrder="2">
              <X>0.005</X>
              <Y>0</Y>
            </Volume>
            <Volume diffgr:id="Volume4" msdata:rowOrder="3">
              <X>0.497</X>
              <Y>0</Y>
            </Volume>
            <Volume diffgr:id="Volume5" msdata:rowOrder="4">
              <X>3</X>
              <Y>0</Y>
            </Volume>
            <Frequency diffgr:id="Frequency1" msdata:rowOrder="0">
              <X>-3</X>
              <Y>50.643257225128906</Y>
            </Frequency>
            <Frequency diffgr:id="Frequency2" msdata:rowOrder="1">
              <X>-1.268</X>
              <Y>49.631724216934686</Y>
            </Frequency>
            <Frequency diffgr:id="Frequency3" msdata:rowOrder="2">
              <X>0.005</X>
              <Y>0.49260374494201642</Y>
            </Frequency>
            <Frequency diffgr:id="Frequency4" msdata:rowOrder="3">
              <X>0.497</X>
              <Y>-20.164053348466339</Y>
            </Frequency>
            <Frequency diffgr:id="Frequency5" msdata:rowOrder="4">
              <X>3</X>
              <Y>-19.152520340272105</Y>
            </Frequency>
          </DataSet>
        </diffgr:diffgram>
      </ConfigDataSet>
    </FeedbackEffect>
    <FeedbackEffect Type="SimFeedback.motion.PitchMotionFeedbackEffect">
      <linearInterpolation>false</linearInterpolation>
      <name>Pitch</name>
      <telemetryName>Pitch</telemetryName>
      <minValueY1>-100</minValueY1>
      <maxValueY1>100</maxValueY1>
      <intervalValueY1>25</intervalValueY1>
      <minValueX>-10</minValueX>
      <maxValueX>10</maxValueX>
      <intervalValueX>2.5</intervalValueX>
      <enabled>true</enabled>
      <mute>false</mute>
      <smoothing>7</smoothing>
      <controller-id>1</controller-id>
      <intensity>1</intensity>
      <ConfigDataSet>
        <xs:schema id="DataSet" xmlns="" xmlns:xs="http://www.w3.org/2001/XMLSchema" xmlns:msdata="urn:schemas-microsoft-com:xml-msdata">
          <xs:element name="DataSet" msdata:IsDataSet="true" msdata:Locale="de-DE">
            <xs:complexType>
              <xs:choice minOccurs="0" maxOccurs="unbounded">
                <xs:element name="Volume" msdata:Locale="de-DE">
                  <xs:complexType>
                    <xs:sequence>
                      <xs:element name="X" type="xs:double" minOccurs="0" />
                      <xs:element name="Y" type="xs:double" minOccurs="0" />
                    </xs:sequence>
                  </xs:complexType>
                </xs:element>
                <xs:element name="Frequency" msdata:Locale="de-DE">
                  <xs:complexType>
                    <xs:sequence>
                      <xs:element name="X" type="xs:double" minOccurs="0" />
                      <xs:element name="Y" type="xs:double" minOccurs="0" />
                    </xs:sequence>
                  </xs:complexType>
                </xs:element>
                <xs:element name="Realtime" msdata:Locale="de-DE">
                  <xs:complexType>
                    <xs:sequence>
                      <xs:element name="X" type="xs:double" minOccurs="0" />
                      <xs:element name="Y" type="xs:double" minOccurs="0" />
                    </xs:sequence>
                  </xs:complexType>
                </xs:element>
              </xs:choice>
            </xs:complexType>
          </xs:element>
        </xs:schema>
        <diffgr:diffgram xmlns:msdata="urn:schemas-microsoft-com:xml-msdata" xmlns:diffgr="urn:schemas-microsoft-com:xml-diffgram-v1">
          <DataSet>
            <Volume diffgr:id="Volume1" msdata:rowOrder="0">
              <X>-7.587</X>
              <Y>0</Y>
            </Volume>
            <Volume diffgr:id="Volume2" msdata:rowOrder="1">
              <X>0.026</X>
              <Y>0</Y>
            </Volume>
            <Volume diffgr:id="Volume3" msdata:rowOrder="2">
              <X>7.578</X>
              <Y>0</Y>
            </Volume>
            <Frequency diffgr:id="Frequency1" msdata:rowOrder="0">
              <X>-7.587</X>
              <Y>73.908516413595919</Y>
            </Frequency>
            <Frequency diffgr:id="Frequency2" msdata:rowOrder="1">
              <X>0.026</X>
              <Y>-0.39792560259367349</Y>
            </Frequency>
            <Frequency diffgr:id="Frequency3" msdata:rowOrder="2">
              <X>7.578</X>
              <Y>-73.77530278275988</Y>
            </Frequency>
          </DataSet>
        </diffgr:diffgram>
      </ConfigDataSet>
    </FeedbackEffect>
    <FeedbackEffect Type="SimFeedback.motion.RollMotionFeedbackEffect">
      <linearInterpolation>false</linearInterpolation>
      <name>Roll</name>
      <telemetryName>Roll</telemetryName>
      <minValueY1>-100</minValueY1>
      <maxValueY1>100</maxValueY1>
      <intervalValueY1>25</intervalValueY1>
      <minValueX>-10</minValueX>
      <maxValueX>10</maxValueX>
      <intervalValueX>2.5</intervalValueX>
      <enabled>true</enabled>
      <mute>false</mute>
      <smoothing>5</smoothing>
      <controller-id>1</controller-id>
      <intensity>1</intensity>
      <ConfigDataSet>
        <xs:schema id="DataSet" xmlns="" xmlns:xs="http://www.w3.org/2001/XMLSchema" xmlns:msdata="urn:schemas-microsoft-com:xml-msdata">
          <xs:element name="DataSet" msdata:IsDataSet="true" msdata:Locale="de-DE">
            <xs:complexType>
              <xs:choice minOccurs="0" maxOccurs="unbounded">
                <xs:element name="Volume" msdata:Locale="de-DE">
                  <xs:complexType>
                    <xs:sequence>
                      <xs:element name="X" type="xs:double" minOccurs="0" />
                      <xs:element name="Y" type="xs:double" minOccurs="0" />
                    </xs:sequence>
                  </xs:complexType>
                </xs:element>
                <xs:element name="Frequency" msdata:Locale="de-DE">
                  <xs:complexType>
                    <xs:sequence>
                      <xs:element name="X" type="xs:double" minOccurs="0" />
                      <xs:element name="Y" type="xs:double" minOccurs="0" />
                    </xs:sequence>
                  </xs:complexType>
                </xs:element>
                <xs:element name="Realtime" msdata:Locale="de-DE">
                  <xs:complexType>
                    <xs:sequence>
                      <xs:element name="X" type="xs:double" minOccurs="0" />
                      <xs:element name="Y" type="xs:double" minOccurs="0" />
                    </xs:sequence>
                  </xs:complexType>
                </xs:element>
              </xs:choice>
            </xs:complexType>
          </xs:element>
        </xs:schema>
        <diffgr:diffgram xmlns:msdata="urn:schemas-microsoft-com:xml-msdata" xmlns:diffgr="urn:schemas-microsoft-com:xml-diffgram-v1">
          <DataSet>
            <Volume diffgr:id="Volume1" msdata:rowOrder="0">
              <X>-7.587</X>
              <Y>0</Y>
            </Volume>
            <Volume diffgr:id="Volume2" msdata:rowOrder="1">
              <X>0.026</X>
              <Y>0</Y>
            </Volume>
            <Volume diffgr:id="Volume3" msdata:rowOrder="2">
              <X>7.578</X>
              <Y>0</Y>
            </Volume>
            <Frequency diffgr:id="Frequency1" msdata:rowOrder="0">
              <X>-7.587</X>
              <Y>49.631724216934686</Y>
            </Frequency>
            <Frequency diffgr:id="Frequency2" msdata:rowOrder="1">
              <X>0.026</X>
              <Y>-0.39792560259367349</Y>
            </Frequency>
            <Frequency diffgr:id="Frequency3" msdata:rowOrder="2">
              <X>7.578</X>
              <Y>-50.51004359429286</Y>
            </Frequency>
          </DataSet>
        </diffgr:diffgram>
      </ConfigDataSet>
    </FeedbackEffect>
    <FeedbackEffect Type="SimFeedback.motion.PitchMotionFeedbackEffect">
      <linearInterpolation>false</linearInterpolation>
      <name>RotationX</name>
      <telemetryName>RotationX</telemetryName>
      <minValueY1>-100</minValueY1>
      <maxValueY1>100</maxValueY1>
      <intervalValueY1>25</intervalValueY1>
      <minValueX>-20</minValueX>
      <maxValueX>20</maxValueX>
      <intervalValueX>2.5</intervalValueX>
      <enabled>false</enabled>
      <mute>false</mute>
      <smoothing>3</smoothing>
      <controller-id>1</controller-id>
      <intensity>1</intensity>
      <ConfigDataSet>
        <xs:schema id="DataSet" xmlns="" xmlns:xs="http://www.w3.org/2001/XMLSchema" xmlns:msdata="urn:schemas-microsoft-com:xml-msdata">
          <xs:element name="DataSet" msdata:IsDataSet="true" msdata:Locale="de-DE">
            <xs:complexType>
              <xs:choice minOccurs="0" maxOccurs="unbounded">
                <xs:element name="Volume" msdata:Locale="de-DE">
                  <xs:complexType>
                    <xs:sequence>
                      <xs:element name="X" type="xs:double" minOccurs="0" />
                      <xs:element name="Y" type="xs:double" minOccurs="0" />
                    </xs:sequence>
                  </xs:complexType>
                </xs:element>
                <xs:element name="Frequency" msdata:Locale="de-DE">
                  <xs:complexType>
                    <xs:sequence>
                      <xs:element name="X" type="xs:double" minOccurs="0" />
                      <xs:element name="Y" type="xs:double" minOccurs="0" />
                    </xs:sequence>
                  </xs:complexType>
                </xs:element>
                <xs:element name="Realtime" msdata:Locale="de-DE">
                  <xs:complexType>
                    <xs:sequence>
                      <xs:element name="X" type="xs:double" minOccurs="0" />
                      <xs:element name="Y" type="xs:double" minOccurs="0" />
                    </xs:sequence>
                  </xs:complexType>
                </xs:element>
              </xs:choice>
            </xs:complexType>
          </xs:element>
        </xs:schema>
        <diffgr:diffgram xmlns:msdata="urn:schemas-microsoft-com:xml-msdata" xmlns:diffgr="urn:schemas-microsoft-com:xml-diffgram-v1">
          <DataSet>
            <Volume diffgr:id="Volume1" msdata:rowOrder="0">
              <X>-20</X>
              <Y>0</Y>
            </Volume>
            <Volume diffgr:id="Volume2" msdata:rowOrder="1">
              <X>-7.613</X>
              <Y>0</Y>
            </Volume>
            <Volume diffgr:id="Volume3" msdata:rowOrder="2">
              <X>0.026</X>
              <Y>0</Y>
            </Volume>
            <Volume diffgr:id="Volume4" msdata:rowOrder="3">
              <X>7.43</X>
              <Y>0</Y>
            </Volume>
            <Volume diffgr:id="Volume5" msdata:rowOrder="4">
              <X>20</X>
              <Y>0</Y>
            </Volume>
            <Frequency diffgr:id="Frequency1" msdata:rowOrder="0">
              <X>-20</X>
              <Y>-26.339951418082009</Y>
            </Frequency>
            <Frequency diffgr:id="Frequency2" msdata:rowOrder="1">
              <X>-7.613</X>
              <Y>-22.955488601405847</Y>
            </Frequency>
            <Frequency diffgr:id="Frequency3" msdata:rowOrder="2">
              <X>0.026</X>
              <Y>-0.39792560259367349</Y>
            </Frequency>
            <Frequency diffgr:id="Frequency4" msdata:rowOrder="3">
              <X>7.43</X>
              <Y>23.29883655983501</Y>
            </Frequency>
            <Frequency diffgr:id="Frequency5" msdata:rowOrder="4">
              <X>20</X>
              <Y>23.29883655983501</Y>
            </Frequency>
          </DataSet>
        </diffgr:diffgram>
      </ConfigDataSet>
    </FeedbackEffect>
  </FeedbackEffectList>
</Profile>