<?xml version="1.0"?>
<ConfigData xmlns:xsi="http://www.w3.org/2001/XMLSchema-instance" xmlns:xsd="http://www.w3.org/2001/XMLSchema" Version="00.08.04" SoundCardGuid="81a7d3dc-c155-4384-aa0f-260e135bf216" Mode="basic">
  <MotionControllerList>
    <MotionControllerConfigData>
      <MotorList>
        <Motor>
          <Id>0</Id>
          <Min>-4096</Min>
          <Max>4096</Max>
          <DeadZone>0</DeadZone>
          <CenterOffset>0</CenterOffset>
          <PidKP>0</PidKP>
          <PidKI>0</PidKI>
          <PidKD>0</PidKD>
          <EnablePID>true</EnablePID>
        </Motor>
        <Motor>
          <Id>1</Id>
          <Min>-4096</Min>
          <Max>4096</Max>
          <DeadZone>0</DeadZone>
          <CenterOffset>0</CenterOffset>
          <PidKP>0</PidKP>
          <PidKI>0</PidKI>
          <PidKD>0</PidKD>
          <EnablePID>true</EnablePID>
        </Motor>
        <Motor>
          <Id>2</Id>
          <Min>-4096</Min>
          <Max>4096</Max>
          <DeadZone>0</DeadZone>
          <CenterOffset>0</CenterOffset>
          <PidKP>0</PidKP>
          <PidKI>0</PidKI>
          <PidKD>0</PidKD>
          <EnablePID>true</EnablePID>
        </Motor>
        <Motor>
          <Id>3</Id>
          <Min>-4096</Min>
          <Max>4096</Max>
          <DeadZone>0</DeadZone>
          <CenterOffset>0</CenterOffset>
          <PidKP>0</PidKP>
          <PidKI>0</PidKI>
          <PidKD>0</PidKD>
          <EnablePID>true</EnablePID>
        </Motor>
      </MotorList>
      <comPort>-1</comPort>
      <baudRate>460800</baudRate>
      <id>1</id>
      <type>AC-SERVO</type>
    </MotionControllerConfigData>
  </MotionControllerList>
  <ProfileList />
</ConfigData>